catID,area_km2,include
C1,233.7445976,y
C2,101.4147652,y
C3,249.2491901,y
C4,229.4675005,y
C5,120.1462601,y
